form	lemma	POS	morph
༄༅། །		PUNCT
རྒྱུད་	རྒྱུད་	NOUN
འབུམ་	འབུམ་	NUM
གྱི་	གི་	PART
དཀར་ཆག་	དཀར་ཆག་	NOUN
བཞུགས་	བཞུགས་	VERB
།།		PUNCT
ཨོཾ་	ཨོཾ་	X
སྭསྟི་		NON_WORD
སིདྡྷཾ་		NON_WORD
།		PUNCT
ན་མོ་	ན་མོ་	X
གུ་རུ་	གུ་རུ་	PROPN
བྷྱཿ་		NON_WORD
ན་	ལ་	PART
མཿ་		NON_WORD
ཤྲཱི་བ་	ཤྲཱི་བ་	NON_WORD
ཊ་	ཊ་	NO_POS
ར་	ར་	ADP
ཀ་	ཀ་	DET
བཛྲ་	བཛྲ་	NO_POS
དྷ་		NON_WORD
ར་	ར་	ADP
ཡ་	ཡ་	NOUN
།		PUNCT
རྡོ་རྗེ་	རྡོ་རྗེ་	NOUN
འཆང་	འཆང་	NO_POS
ཆེན་	ཆེན་	NO_POS
ཉིད་	ཉིད་	DET
ཀྱི་	གི་	PART
ཐུགས་རྗེ་	ཐུགས་རྗེ་	NOUN
ཡི་	གིས་	PART
། །		PUNCT
གཞན་	གཞན་	DET
གྱི་	གི་	PART
དོན་	དོན་	NOUN
དུ་	ལ་	PART
སྐྱེ་བོ་	སྐྱེ་བོ་	NOUN
འི་	གི་	PART
སྐུ་	སྐུ་	NOUN
བསྟན་	བསྟན་	VERB
ན་	ནས་	PART
། །		PUNCT
སྐལ་བ་	སྐལ་བ་	NOUN
ཇི་བཞིན་	ཇི་བཞིན་	OTHER
གདུལ་བྱ་	གདུལ་བྱ་	NOUN
འི་	གི་	PART
དོན་	དོན་	NOUN
མཛད་པ་	མཛད་པ་	VERB
། །		PUNCT
ས་སྐྱ་	ས་སྐྱ་	PROPN
འི་	གི་	PART
བླ་ཆེན་	བླ་ཆེན་	PROPN
རྣམས་	རྣམས་	DET
ལ་	ལ་	PART
ཕྱག་	ཕྱག་	NOUN
འཚལ་	འཚལ་	VERB
ལོ་	གོ་	PART
། །		PUNCT
འདི་	འདི་	DET
ར་	ལ་	PART
རྗེ་བཙུན་	རྗེ་བཙུན་	NOUN
རིན་པོ་ཆེ་	རིན་པོ་ཆེ་	ADJ
རྒྱལ་མཚན་	རྒྱལ་མཚན་	NOUN
གྱི་	གི་	PART
མཐ་	མཐའ་	NOUN
ས་	གིས་	PART
རྣམ་པ་	རྣམ་པ་	NOUN
ར་	ལ་	PART
བརྒྱན་པ་	བརྒྱན་པ་	VERB
འི་	གི་	PART
ཞལ་སྔ་	ཞལ་སྔ་	NOUN
ན་	ནས་	PART
བོད་	བོད་	PROPN
དུ་	ལ་	PART
འགྱུར་བ་	འགྱུར་བ་	VERB
འི་	གི་	PART
ཡང་དག་པ་	ཡང་དག་པ་	ADJ
འི་	གི་	PART
རྒྱུད་སྡེ་	རྒྱུད་སྡེ་	NOUN
རིན་པོ་ཆེ་	རིན་པོ་ཆེ་	ADJ
བཞི་པོ་	བཞི་པོ་	NUM
ཕལ་པོ་	ཕལ་པོ་	NOUN
ཆེ་	ཆེ་	VERB
འི་	གི་	PART
མཚན་	མཚན་	NOUN
ཕྱོགས་	ཕྱོགས་	NOUN
གཅིག་	གཅིག་	NUM
ཏུ་	ལ་	PART
བསྡེབས་པ་	བསྡེབས་པ་	VERB
ལ་	ལ་	ADP
ས་	གིས་	PART
གཉིས་	གཉིས་	NUM
སུ་	ལ་	PART
མེད་པ་	མེད་པ་	VERB
འི་	གི་	PART
རྒྱུད་	རྒྱུད་	NOUN
ཐོག་མ་	ཐོག་མ་	NOUN
ར་	ལ་	PART
སྨོས་	སྨོས་	VERB
ཤིང་	ཅིང་	PART
།		PUNCT
བླ་མ་	བླ་མ་	NOUN
ཆོ་	ཆོ་	NOUN
ཀྱི་	གི་	PART
རྗེས་	རྗེས་	NOUN
བསྒྱུར་བ་	བསྒྱུར་བ་	VERB
འི་	གི་	PART
རྒྱུད་	རྒྱུད་	NOUN
རྣམས་	རྣམས་	DET
བསྣན་	བསྣན་	NO_POS
ཏེ་	སྟེ་	PART
བྲི་བ་	བྲི་བ་	VERB
ར་	ལ་	PART
བྱ་བ་	བྱ་བ་	VERB
ནི་	ནི་	NO_POS
འདི་ལྟ་སྟེ་	འདི་ལྟ་སྟེ་	NO_POS
།		PUNCT
གཉིས་	གཉིས་	NUM
སུ་	ལ་	PART
མེད་པ་	མེད་པ་	VERB
འི་	གི་	PART
རྒྱུད་	རྒྱུད་	NOUN
ལ་	ལ་	PART
།		PUNCT
ཀྱེ་	ཀྱེ་	INTJ
རྡོ་རྗེ་	རྡོ་རྗེ་	NOUN
རྩ་བ་	རྩ་བ་	NOUN
འི་	གི་	PART
རྒྱུད་	རྒྱུད་	NOUN
བརྟག་པ་	བརྟག་པ་	VERB
གཉིས་པ་	གཉིས་པ་	NUM
།		PUNCT
ཐུན་མོང་	ཐུན་མོང་	ADJ
མ་ཡིན་པ་	མ་ཡིན་པ་	OTHER
འི་	གི་	PART
བཤད་པ་	བཤད་པ་	VERB
འི་	གི་	PART
རྒྱུད་	རྒྱུད་	NOUN
འཕགས་པ་	འཕགས་པ་	VERB
མཁའ་འགྲོ་	མཁའ་འགྲོ་	NOUN
རྡོ་རྗེ་	རྡོ་རྗེ་	NOUN
གུ་	གུ་	NOUN
།		PUNCT
ཐུན་མོང་	ཐུན་མོང་	ADJ
གི་	གི་	PART
བཤད་པ་	བཤད་པ་	VERB
འི་	གི་	PART
རྒྱུད་	རྒྱུད་	NOUN
དཔལ་	དཔལ་	OTHER
སཾ་		NON_WORD
བུ་	བུ་	NOUN
ཊི་		NON_WORD
།		PUNCT
ཐིག་ལེ་	ཐིག་ལེ་	NOUN
འི་	གི་	PART
རྒྱུད་	རྒྱུད་	NOUN
ཕྱི་མ་	ཕྱི་མ་	ADJ
དང་	དང་	NO_POS
བཅས་པ་	བཅས་པ་	VERB
།		PUNCT
བརྟག་པ་	བརྟག་པ་	VERB
གཉིས་པ་	གཉིས་པ་	NUM
འི་	གི་	PART
རྒྱུད་	རྒྱུད་	NOUN
ཕྱི་མ་	ཕྱི་མ་	ADJ
འི་	གི་	PART
ཕྱི་མ་	ཕྱི་མ་	ADJ
ར་	ལ་	PART
གྲགས་པ་	གྲགས་པ་	VERB
ཕྱག་རྒྱ་	ཕྱག་རྒྱ་	NOUN
ཆེན་པོ་	ཆེན་པོ་	ADJ
ཐིག་ལེ་	ཐིག་ལེ་	NOUN
།		PUNCT
ཡེ་ཤེས་	ཡེ་ཤེས་	NOUN
ཐིག་ལེ་	ཐིག་ལེ་	NOUN
།		PUNCT
དེ་	སྟེ་	PART
ཁོ་ན་	ཁོ་ན་	DET
འི་	གི་	PART
སྒྲོན་མ་	སྒྲོན་མ་	NOUN
།		PUNCT
གསང་བ་	གསང་བ་	VERB
འི་	གི་	PART
སྒྲོན་མ་	སྒྲོན་མ་	NOUN
།		PUNCT
དེ་	སྟེ་	PART
ཁོ་ན་ཉིད་	ཁོ་ན་ཉིད་	NO_POS
ཀྱི་	གི་	PART
མན་ངག་	མན་ངག་	NOUN
སྟེ་	སྟེ་	PART
།		PUNCT
ཐིག་ལེ་	ཐིག་ལེ་	NOUN
འི་	གི་	PART
རྒྱུད་	རྒྱུད་	NOUN
ལྔ་	ལྔ་	NUM
།		PUNCT
ཡེ་ཤེས་	ཡེ་ཤེས་	NOUN
སྙིང་པོ་	སྙིང་པོ་	NOUN
རྣལ་འབྱོར་	རྣལ་འབྱོར་	NOUN
མ་	མ་	PART
འི་	གི་	PART
རྒྱུད་	རྒྱུད་	NOUN
།		PUNCT
རྙོག་པ་	རྙོག་པ་	VERB
མེད་པ་	མེད་པ་	VERB
འི་	གི་	PART
ཨ་ར་	ཨ་ར་	NO_POS
ལི་	ལི་	OTHER
།		PUNCT
རྡོ་རྗེ་	རྡོ་རྗེ་	NOUN
ཨ་ར་	ཨ་ར་	NO_POS
ལི་	ལི་	OTHER
།		PUNCT
རི་	རི་	NOUN
གི་	གི་	PART
ཨ་ར་	ཨ་ར་	NO_POS
ལི་	ལི་	OTHER
།		PUNCT
མཚན་	མཚན་	NOUN
ཡང་དག་པ་	ཡང་དག་པ་	ADJ
ར་	ལ་	PART
བརྗོད་པ་	བརྗོད་པ་	VERB
།		PUNCT
དམ་པ་	དམ་པ་	VERB
དང་པོ་	དང་པོ་	ADJ
རྩ་བ་	རྩ་བ་	NOUN
འི་	གི་	PART
རྒྱུད་	རྒྱུད་	NOUN
།		PUNCT
དུས་	དུས་	NOUN
ཀྱི་	གི་	PART
འཁོར་ལོ་	འཁོར་ལོ་	NOUN
འི་	གི་	PART
རྩ་རྒྱུད་	རྩ་རྒྱུད་	NOUN
བསྡུས་པ་	བསྡུས་པ་	VERB
།		PUNCT
དབང་	དབང་	NOUN
གི་	གི་	PART
དོན་	དོན་	NOUN
སྟོན་པ་	སྟོན་པ་	NOUN
འི་	གི་	PART
རྒྱུད་	རྒྱུད་	NOUN
ཀྱི་	གི་	PART
དུམ་བུ་	དུམ་བུ་	NOUN
།		PUNCT
མགོན་པོ་	མགོན་པོ་	NOUN
མངོན་པ་	མངོན་པ་	OTHER
འབྱུང་བ་	འབྱུང་བ་	VERB
འི་	གི་	PART
རྒྱུད་	རྒྱུད་	NOUN
།		PUNCT
གསང་སྔགས་	གསང་སྔགས་	NOUN
ཀྱི་	གི་	PART
སྤྱོད་པ་	སྤྱོད་པ་	VERB
རྒྱ་མཚོ་	རྒྱ་མཚོ་	NOUN
མཆོག་	མཆོག་	ADJ
ཏུ་	ལ་	PART
གསང་བ་	གསང་བ་	VERB
ལ་	ལ་	ADP
ས་	གིས་	PART
ཐོད་པ་	ཐོད་པ་	NOUN
བརྟག་པ་	བརྟག་པ་	VERB
འི་	གི་	PART
རྒྱུད་	རྒྱུད་	NOUN
གསུམ་	གསུམ་	NUM
།		PUNCT
མི་གཡོ་བ་	མི་གཡོ་བ་	NO_POS
འི་	གི་	PART
རྒྱུད་	རྒྱུད་	NOUN
གསང་བ་	གསང་བ་	VERB
ཆེན་པོ་	ཆེན་པོ་	ADJ
རྣམས་	རྣམས་	DET
སོ་	གོ་	PART
། །		PUNCT
ཤེས་རབ་	ཤེས་རབ་	NOUN
ཀྱི་	གི་	PART
རྒྱུད་	རྒྱུད་	NOUN
ལ་	ལ་	PART
།		PUNCT
འཁོར་ལོ་	འཁོར་ལོ་	NOUN
བདེ་མཆོག་	བདེ་མཆོག་	PROPN
རྩ་བ་	རྩ་བ་	NOUN
འི་	གི་	PART
རྒྱུད་	རྒྱུད་	NOUN
།		PUNCT
བཤད་པ་	བཤད་པ་	VERB
འི་	གི་	PART
རྒྱུད་	རྒྱུད་	NOUN
མཁའ་འགྲོ་	མཁའ་འགྲོ་	NOUN
མ་	མ་	PART
ཀུན་སྤྱོད་	ཀུན་སྤྱོད་	NOUN
།		PUNCT
ཨ་	ཨ་	X
བྷི་		NON_WORD
དྷ་		NON_WORD
ན་	ལ་	PART
།		PUNCT
རྡོ་རྗེ་	རྡོ་རྗེ་	NOUN
མཁའ་འགྲོ་	མཁའ་འགྲོ་	NOUN
།		PUNCT
མཁའ་འགྲོ་	མཁའ་འགྲོ་	NOUN
རྒྱ་མཚོ་	རྒྱ་མཚོ་	NOUN
།		PUNCT
ཧེ་རུ་ཀ་	ཧེ་རུ་ཀ་	NOUN
མངོན་	མངོན་	VERB
འབྱུང་	འབྱུང་	VERB
།		PUNCT
ཕག་མོ་	ཕག་མོ་	PROPN
མངོན་	མངོན་	VERB
འབྱུང་	འབྱུང་	VERB
།		PUNCT
སྡོམ་པ་	སྡོམ་པ་	NOUN
མངོན་	མངོན་	VERB
འབྱུང་	འབྱུང་	VERB
།		PUNCT
རྣལ་འབྱོར་	རྣལ་འབྱོར་	NOUN
མ་	མ་	PART
བཞི་	བཞི་	NUM
ཁ་སྦྱོར་	ཁ་སྦྱོར་	OTHER
གྱི་	གི་	PART
རྒྱུད་	རྒྱུད་	NOUN
།		PUNCT
འབུམ་ཕྲག་	འབུམ་ཕྲག་	OTHER
གསུམ་པ་	གསུམ་པ་	NUM
ལ་	ལ་	ADP
ས་	གིས་	PART
རལ་པ་	རལ་པ་	VERB
གྱེན་	གྱེན་	NOUN
དུ་	ལ་	PART
བརྫེས་པ་	བརྫེས་པ་	VERB
འི་	གི་	PART
ནང་	ནང་	NOUN
ན་	ནས་	PART
ཕྱུང་བ་	ཕྱུང་བ་	VERB
འི་	གི་	PART
ལེའུ་	ལེའུ་	NOUN
གཅིག་	གཅིག་	NUM
སངས་རྒྱས་	སངས་རྒྱས་	NOUN
མཉམ་	མཉམ་	VERB
སྦྱོར་	སྦྱོར་	VERB
རྩ་བ་	རྩ་བ་	NOUN
འི་	གི་	PART
རྒྱུད་	རྒྱུད་	NOUN
།		PUNCT
རྒྱུད་	རྒྱུད་	NOUN
ཕྱི་མ་	ཕྱི་མ་	ADJ
།		PUNCT
ཕྱི་མ་	ཕྱི་མ་	ADJ
འི་	གི་	PART
ཕྱི་མ་	ཕྱི་མ་	ADJ
།		PUNCT
ཟླ་	ཟླ་	NOUN
གསང་	གསང་	VERB
ཐིག་ལེ་	ཐིག་ལེ་	NOUN
།		PUNCT
རྡོ་རྗེ་	རྡོ་རྗེ་	NOUN
གདན་	གདན་	NOUN
བཞི་	བཞི་	NUM
།		PUNCT
དབང་	དབང་	NOUN
གི་	གི་	PART
དོན་	དོན་	NOUN
སྟོན་	སྟོན་	VERB
།		PUNCT
རྒྱུད་	རྒྱུད་	NOUN
ཀྱི་	གི་	PART
དུམ་བུ་	དུམ་བུ་	NOUN
།		PUNCT
མནྟྲ་		NON_WORD
ཨཾ་		NON_WORD
ཨ་	ཨ་	X
།		PUNCT
བཤད་རྒྱུད་	བཤད་རྒྱུད་	NOUN
ཆེན་	ཆེན་	NO_POS
མོ་	གོ་	PART
།		PUNCT
མ་	མ་	PART
ཧཱ་		NON_WORD
མ་	མ་	PART
ཡ་	ཡ་	NOUN
།		PUNCT
སངས་རྒྱས་	སངས་རྒྱས་	NOUN
ཐོད་པ་	ཐོད་པ་	NOUN
།		PUNCT
རྡོ་རྗེ་	རྡོ་རྗེ་	NOUN
བདུད་རྩི་	བདུད་རྩི་	NOUN
རྣམས་	རྣམས་	DET
སོ་	གོ་	PART
། །		PUNCT
ཐབས་	ཐབས་	NOUN
ཀྱི་	གི་	PART
རྒྱུད་	རྒྱུད་	NOUN
ལ་	ལ་	PART
།		PUNCT
དཔལ་	དཔལ་	OTHER
གསང་བ་	གསང་བ་	VERB
འདུས་པ་	འདུས་པ་	VERB
།		PUNCT
དེ་	དེ་	DET
འི་	གི་	PART
རྒྱུད་	རྒྱུད་	NOUN
ཕྱི་མ་	ཕྱི་མ་	ADJ
།		PUNCT
རྡོ་རྗེ་	རྡོ་རྗེ་	NOUN
ཕྲེང་བ་	ཕྲེང་བ་	NOUN
།		PUNCT
དགོངས་པ་	དགོངས་པ་	VERB
ལུང་	ལུང་	NOUN
སྟོན་	སྟོན་	VERB
།		PUNCT
ལྷ་མོ་	ལྷ་མོ་	NOUN
བཞི་	བཞི་	NUM
ས་	གིས་	PART
ཞུ་	ཞུ་	VERB
།		PUNCT
ཡེ་ཤེས་	ཡེ་ཤེས་	NOUN
རྡོ་རྗེ་	རྡོ་རྗེ་	NOUN
ཀུན་	ཀུན་	DET
ལ་	ལ་	ADP
ས་	གིས་	PART
བཏུས་པ་	བཏུས་པ་	VERB
།		PUNCT
གཤིན་རྗེ་	གཤིན་རྗེ་	OTHER
གཤེད་	གཤེད་	NOUN
དགྲ་ནག་	དགྲ་ནག་	PROPN
གཞོན་ནུ་	གཞོན་ནུ་	ADJ
གདོང་	གདོང་	NOUN
དྲུག་	དྲུག་	NUM
རྡོ་རྗེ་	རྡོ་རྗེ་	NOUN
འཇིགས་བྱེད་	འཇིགས་བྱེད་	OTHER
།		PUNCT
རྣམ་པ་	རྣམ་པ་	NOUN
ར་	ལ་	PART
སྣང་	སྣང་	VERB
མཛད་	མཛད་	VERB
།		PUNCT
རྒྱུ་	རྒྱུ་	NOUN
འཕྲུལ་	འཕྲུལ་	VERB
དྲ་བ་	དྲ་བ་	OTHER
རྣམས་	རྣམས་	DET
སོ་	གོ་	PART
། །		PUNCT
རྣལ་འབྱོར་	རྣལ་འབྱོར་	NOUN
གྱི་	གི་	PART
རྒྱུད་	རྒྱུད་	NOUN
ལ་	ལ་	PART
།		PUNCT
རྩ་བ་	རྩ་བ་	NOUN
འི་	གི་	PART
རྒྱུད་	རྒྱུད་	NOUN
དེ་	སྟེ་	PART
ཁོ་ན་ཉིད་	ཁོ་ན་ཉིད་	NO_POS
བསྡུས་པ་	བསྡུས་པ་	VERB
།		PUNCT
རྡོ་རྗེ་	རྡོ་རྗེ་	NOUN
རྩེ་མོ་	རྩེ་མོ་	NOUN
།		PUNCT
དཔལ་	དཔལ་	OTHER
མཆོག་	མཆོག་	ADJ
དང་པོ་	དང་པོ་	ADJ
།		PUNCT
ཁམས་	ཁམས་	NOUN
གསུམ་	གསུམ་	NUM
རྣམ་རྒྱལ་	རྣམ་རྒྱལ་	NOUN
།		PUNCT
མགོན་པོ་	མགོན་པོ་	NOUN
ཀུན་སྣང་	ཀུན་སྣང་	OTHER
།		PUNCT
ངན་སོང་	ངན་སོང་	NOUN
སྦྱོང་	སྦྱོང་	VERB
རྒྱུད་	རྒྱུད་	NOUN
།		PUNCT
ནམ་མཁའ་	ནམ་མཁའ་	NOUN
དང་	དང་	NO_POS
མཉམ་པ་	མཉམ་པ་	VERB
འི་	གི་	PART
རྒྱུད་	རྒྱུད་	NOUN
།		PUNCT
རབ་ཏུ་	རབ་ཏུ་	NO_POS
གནས་པ་	གནས་པ་	VERB
འི་	གི་	PART
རྒྱུད་	རྒྱུད་	NOUN
།		PUNCT
ཐམས་ཅད་	ཐམས་ཅད་	DET
གསང་བ་	གསང་བ་	VERB
རྣམས་	རྣམས་	DET
སོ་	གོ་	PART
། །		PUNCT
བླ་མ་	བླ་མ་	NOUN
ཆོ་	ཆོ་	NOUN
ཀྱི་	གི་	PART
རྗེའི་		NON_WORD
ཞལ་སྔ་	ཞལ་སྔ་	NOUN
ན་	ནས་	PART
བསྒྱུར་བ་	བསྒྱུར་བ་	VERB
ནི་	ནི་	NO_POS
།		PUNCT
རྡོ་རྗེ་	རྡོ་རྗེ་	NOUN
སྙིང་པོ་	སྙིང་པོ་	NOUN
རྒྱན་	རྒྱན་	NOUN
གྱི་	གི་	PART
རྒྱུད་	རྒྱུད་	NOUN
།		PUNCT
ཕུར་པ་	ཕུར་པ་	NOUN
རྩ་	རྩ་	NUM
དུམ་	དུམ་	NO_POS
གྱི་	གི་	PART
རྒྱུད་	རྒྱུད་	NOUN
རྣལ་འབྱོར་	རྣལ་འབྱོར་	NOUN
བླ་མེད་	བླ་མེད་	ADJ
དུ་	ལ་	PART
འདུ་བ་	འདུ་བ་	VERB
ར་	ལ་	PART
གསལ་	གསལ་	VERB
།		PUNCT
སྐུ་གསུང་ཐུགས་	སྐུ་གསུང་ཐུགས་	NOUN
ཀྱི་	གི་	PART
གསང་བ་	གསང་བ་	VERB
རྒྱན་	རྒྱན་	NOUN
གྱི་	གི་	PART
བཀོད་པ་	བཀོད་པ་	VERB
འི་	གི་	PART
རྒྱུད་	རྒྱུད་	NOUN
།		PUNCT
གསང་བ་	གསང་བ་	VERB
ནོར་བུ་	ནོར་བུ་	NOUN
ཐིག་ལེ་	ཐིག་ལེ་	NOUN
རྣམས་	རྣམས་	DET
རྣལ་འབྱོར་	རྣལ་འབྱོར་	NOUN
གྱི་	གི་	PART
རྒྱུད་	རྒྱུད་	NOUN
དུ་	ལ་	PART
འདུ་བ་	འདུ་བ་	VERB
ར་	ལ་	PART
གསལ་	གསལ་	VERB
ལ་	ལ་	PART
།		PUNCT
རྡོ་རྗེ་	རྡོ་རྗེ་	NOUN
ས་འོག་	ས་འོག་	OTHER
གི་	གི་	PART
རྒྱུད་	རྒྱུད་	NOUN
བྱ་བ་	བྱ་བ་	VERB
འི་	གི་	PART
རྒྱུད་	རྒྱུད་	NOUN
ཀྱི་	གི་	PART
ཁོངས་	ཁོངས་	NOUN
སུ་	ལ་	PART
འདུ་	འདུ་	VERB
མོད་	མོད་	VERB
ཀྱི་	གི་	PART
།		PUNCT
འགྱུར་	འགྱུར་	VERB
མཛད་པ་པོ་	མཛད་པ་པོ་	VERB
གཅིག་པ་	གཅིག་པ་	ADJ
འི་	གི་	PART
ཕྱི་	ཕྱི་	OTHER
ཕྱོགས་	ཕྱོགས་	NOUN
གཅིག་	གཅིག་	NUM
ཏུ་	ལ་	PART
བྲིས་པ་	བྲིས་པ་	VERB
འོ་	གོ་	PART
།། ༈ །།		PUNCT
སྤྱོད་པ་	སྤྱོད་པ་	VERB
འི་	གི་	PART
རྒྱུད་	རྒྱུད་	NOUN
ལ་	ལ་	PART
།		PUNCT
རྣམ་པ་	རྣམ་པ་	NOUN
ར་	ལ་	PART
སྣང་	སྣང་	VERB
མཛད་	མཛད་	VERB
མངོན་པ་	མངོན་པ་	OTHER
བྱང་ཆུབ་པ་	བྱང་ཆུབ་པ་	NOUN
འི་	གི་	PART
རྒྱུད་	རྒྱུད་	NOUN
།		PUNCT
འཇམ་དཔལ་	འཇམ་དཔལ་	PROPN
རྩ་བ་	རྩ་བ་	NOUN
འི་	གི་	PART
རྒྱུད་	རྒྱུད་	NOUN
།		PUNCT
གཤིན་རྗེ་	གཤིན་རྗེ་	OTHER
གཤེད་	གཤེད་	NOUN
ཁྲོ་བོ་	ཁྲོ་བོ་	NOUN
རྣམ་པ་	རྣམ་པ་	NOUN
ར་	ལ་	PART
རྒྱལ་བ་	རྒྱལ་བ་	NOUN
འི་	གི་	PART
རྒྱུད་	རྒྱུད་	NOUN
། །		PUNCT
པྲ་	པྲ་	NOUN
ཁོག་	ཁོག་	VERB
བསླང་	བསླང་	NO_POS
རྩ་བ་	རྩ་བ་	NOUN
འི་	གི་	PART
རྒྱུད་	རྒྱུད་	NOUN
།		PUNCT
རྒྱུད་	རྒྱུད་	NOUN
ཕྱི་མ་	ཕྱི་མ་	ADJ
།		PUNCT
ཕྱི་མ་	ཕྱི་མ་	ADJ
འི་	གི་	PART
ཕྱི་མ་	ཕྱི་མ་	ADJ
།		PUNCT
མི་གཡོ་བ་	མི་གཡོ་བ་	NO_POS
འི་	གི་	PART
རྟོག་པ་	རྟོག་པ་	VERB
ཆེན་པོ་	ཆེན་པོ་	ADJ
རྣམས་	རྣམས་	DET
སོ་	གོ་	PART
། །		PUNCT
བྱ་བ་	བྱ་བ་	VERB
འི་	གི་	PART
རྒྱུད་	རྒྱུད་	NOUN
ལ་	ལ་	PART
རིགས་གསུམ་	རིགས་གསུམ་	OTHER
སོ་སོ་	སོ་སོ་	PRON
འི་	གི་	PART
རྒྱུད་	རྒྱུད་	NOUN
།		PUNCT
རིག་པ་	རིག་པ་	VERB
འི་	གི་	PART
ལྷ་མོ་	ལྷ་མོ་	NOUN
འི་	གི་	PART
རྒྱུད་	རྒྱུད་	NOUN
།		PUNCT
ཐུན་མོང་	ཐུན་མོང་	ADJ
གི་	གི་	PART
རྒྱུད་	རྒྱུད་	NOUN
གསུམ་	གསུམ་	NUM
ལ་	ལ་	ADP
ས་	གིས་	PART
།		PUNCT
རིགས་གསུམ་	རིགས་གསུམ་	OTHER
སོ་སོ་	སོ་སོ་	PRON
འི་	གི་	PART
འཇམ་དཔལ་	འཇམ་དཔལ་	PROPN
གྱི་	གི་	PART
རྒྱུད་	རྒྱུད་	NOUN
ལ་	ལ་	PART
།		PUNCT
དཔའ་བོ་	དཔའ་བོ་	NOUN
གཅིག་	གཅིག་	NUM
ཏུ་	ལ་	PART
གྲུབ་པ་	གྲུབ་པ་	VERB
།		PUNCT
དུམ་བུ་	དུམ་བུ་	NOUN
འི་	གི་	PART
རྒྱུད་	རྒྱུད་	NOUN
ལ་	ལ་	PART
།		PUNCT
འཇམ་དཔལ་	འཇམ་དཔལ་	PROPN
གྱིས་	གིས་	PART
ཞལ་	ཞལ་	NOUN
ན་	ནས་	PART
གསུངས་པ་	གསུངས་པ་	VERB
།		PUNCT
འཇམ་དཔལ་	འཇམ་དཔལ་	PROPN
གྱིས་	གིས་	PART
དམོད་	དམོད་	NO_POS
བཙུགས་པ་	བཙུགས་པ་	VERB
།		PUNCT
ཤེས་རབ་	ཤེས་རབ་	NOUN
བློ་	བློ་	NOUN
འཕེལ་	འཕེལ་	VERB
།		PUNCT
ཤེས་རབ་	ཤེས་རབ་	NOUN
བསྐྱེད་པ་	བསྐྱེད་པ་	VERB
།		PUNCT
འཇམ་དཔལ་	འཇམ་དཔལ་	PROPN
གྷོ་		NON_WORD
ཥ་	ཥ་	NO_POS
།		PUNCT
ངག་	ངག་	NOUN
གི་	གི་	PART
དབང་ཕྱུག་	དབང་ཕྱུག་	NOUN
འཇམ་དཔལ་	འཇམ་དཔལ་	PROPN
ལ་	ལ་	PART
ལྷ་མོ་	ལྷ་མོ་	NOUN
བརྒྱད་	བརྒྱད་	NUM
ཀྱིས་	གིས་	PART
བསྟོད་པ་	བསྟོད་པ་	VERB
།		PUNCT
འཇམ་དཔལ་	འཇམ་དཔལ་	PROPN
ཡིག་འབྲུ་	ཡིག་འབྲུ་	NOUN
གཅིག་པ་	གཅིག་པ་	ADJ
རྣམས་	རྣམས་	DET
སོ་	གོ་	PART
། །		PUNCT
སྤྱན་རས་	སྤྱན་རས་	NO_POS
གཟིགས་	གཟིགས་	VERB
ཀྱི་	གི་	PART
རྒྱུ་ལ་	རྒྱུ་ལ་	NO_POS
།		PUNCT
དོན་ཡོད་	དོན་ཡོད་	ADJ
ཞགས་པ་	ཞགས་པ་	NOUN
རྩ་བ་	རྩ་བ་	NOUN
འི་	གི་	PART
རྒྱུད་	རྒྱུད་	NOUN
།		PUNCT
དོན་ཡོད་	དོན་ཡོད་	ADJ
ཞགས་པ་	ཞགས་པ་	NOUN
འི་	གི་	PART
རྟོག་པ་	རྟོག་པ་	VERB
ཆེན་པོ་	ཆེན་པོ་	ADJ
།		PUNCT
ཐུགས་རྗེ་	ཐུགས་རྗེ་	NOUN
ཆེན་པོ་	ཆེན་པོ་	ADJ
ཕྱག་	ཕྱག་	NOUN
སྟོང་	སྟོང་	NUM
སྤྱན་	སྤྱན་	NOUN
སྟོང་	སྟོང་	NUM
གི་	གི་	PART
རྟོག་པ་	རྟོག་པ་	VERB
རྒྱས་པ་	རྒྱས་པ་	VERB
།		PUNCT
ཐུགས་རྗེ་	ཐུགས་རྗེ་	NOUN
ཆེན་པོ་	ཆེན་པོ་	ADJ
ཞལ་	ཞལ་	NOUN
བཅུ་གཅིག་པ་	བཅུ་གཅིག་པ་	NO_POS
འི་	གི་	PART
གཟུངས་	གཟུངས་	NOUN
ཟ་མ་ཏོག་	ཟ་མ་ཏོག་	NOUN
བཀོད་པ་	བཀོད་པ་	VERB
འི་	གི་	PART
རྟོག་པ་	རྟོག་པ་	VERB
རྒྱས་པ་	རྒྱས་པ་	VERB
།		PUNCT
སྤྱན་རས་	སྤྱན་རས་	NO_POS
གཟིགས་	གཟིགས་	VERB
ཧ་ལ་	ཧ་ལ་	NO_POS
ཧ་ལ་	ཧ་ལ་	NO_POS
འི་	གི་	PART
རྟོག་པ་	རྟོག་པ་	VERB
རྒྱས་པ་	རྒྱས་པ་	VERB
།		PUNCT
འཕགས་པ་	འཕགས་པ་	VERB
མེ་	མེ་	NOUN
ཁ་	ཁ་	PRON
ལ་	ལ་	PART
སྙིང་རྗེ་	སྙིང་རྗེ་	NOUN
མི་	མི་	PART
བཤོལ་བ་	བཤོལ་བ་	VERB
འི་	གི་	PART
གཟུངས་	གཟུངས་	NOUN
།		PUNCT
སྤྱན་རས་	སྤྱན་རས་	NO_POS
གཟིགས་	གཟིགས་	VERB
ཀྱི་	གི་	PART
ཡུམ་	ཡུམ་	NOUN
།		PUNCT
སྤྱན་རས་	སྤྱན་རས་	NO_POS
གཟིགས་	གཟིགས་	VERB
ཡོན་ཏན་	ཡོན་ཏན་	NOUN
བསམ་	བསམ་	NOUN
གྱིས་	གིས་	PART
མི་	མི་	PART
ཁྱབ་པ་	ཁྱབ་པ་	VERB
།		PUNCT
ཡིད་བཞིན་	ཡིད་བཞིན་	OTHER
གྱི་	གི་	PART
ནོར་བུ་	ནོར་བུ་	NOUN
འཁོར་ལོ་	འཁོར་ལོ་	NOUN
ས་	གིས་	PART
བསྒྱུར་བ་	བསྒྱུར་བ་	VERB
འི་	གི་	PART
རྟོག་པ་	རྟོག་པ་	VERB
ཆེན་པོ་	ཆེན་པོ་	ADJ
།		PUNCT
ཧ་	ཧ་	NOUN
ཡ་	ཡ་	NOUN
གྷྲྀ་བ་	གྷྲྀ་བ་	NON_WORD
འི་	གི་	PART
གཟུངས་	གཟུངས་	NOUN
ཀྱི་	གི་	PART
དུམ་བུ་	དུམ་བུ་	NOUN
།		PUNCT
སེངྒེ་		NON_WORD
སྒྲ་	སྒྲ་	NOUN
འི་	གི་	PART
དམ་བཅ་	དམ་བཅའ་	NOUN
ས་པ་	ས་པ་	PART
འི་	གི་	PART
གཟུངས་	གཟུངས་	NOUN
ཀྱི་	གི་	PART
དུམ་བུ་	དུམ་བུ་	NOUN
རྣམས་	རྣམས་	DET
སོ་	གོ་	PART
། །		PUNCT
ཕྱག་	ཕྱག་	NOUN
ན་	ལ་	PART
རྡོ་རྗེ་	རྡོ་རྗེ་	NOUN
འི་	གི་	PART
རྒྱུད་	རྒྱུད་	NOUN
ལ་	ལ་	PART
།		PUNCT
ཕྱག་	ཕྱག་	NOUN
ན་	ལ་	PART
རྡོ་རྗེ་	རྡོ་རྗེ་	NOUN
དབང་	དབང་	NOUN
བསྐུར་བ་	བསྐུར་བ་	VERB
འི་	གི་	PART
རྒྱུད་	རྒྱུད་	NOUN
།		PUNCT
རིག་པ་	རིག་པ་	VERB
མཆོག་	མཆོག་	ADJ
གི་	གི་	PART
རྒྱུད་	རྒྱུད་	NOUN
།		PUNCT
དཔུང་པ་	དཔུང་པ་	NO_POS
བཟང་པོ་	བཟང་པོ་	ADJ
།		PUNCT
རྡོ་རྗེ་	རྡོ་རྗེ་	NOUN
ས་འོག་	ས་འོག་	OTHER
གི་	གི་	PART
རྒྱུད་	རྒྱུད་	NOUN
།		PUNCT
སྔ་	སྔ་	ADV
འགྱུར་	འགྱུར་	VERB
གཅིག་	གཅིག་	NUM
རྡོ་རྗེ་	རྡོ་རྗེ་	NOUN
རྣམ་	རྣམ་	NOUN
འཇོམས་	འཇོམས་	NO_POS
།		PUNCT
དེ་	དེ་	DET
འི་	གི་	PART
བཤད་རྒྱུད་	བཤད་རྒྱུད་	NOUN
།		PUNCT
རི་རབ་	རི་རབ་	PROPN
ཁང་བུ་	ཁང་བུ་	NOUN
བརྩེགས་པ་	བརྩེགས་པ་	VERB
།		PUNCT
རྡོ་རྗེ་	རྡོ་རྗེ་	NOUN
མི་	མི་	PART
ཕམ་པ་	ཕམ་པ་	VERB
མེ་	མེ་	NOUN
ལྟ་	ལྟ་	OTHER
འབར་བ་	འབར་བ་	VERB
རྨོངས་	རྨོངས་	VERB
བྱེད་	བྱེད་	VERB
།		PUNCT
རྡོ་རྗེ་	རྡོ་རྗེ་	NOUN
སྙིང་པོ་	སྙིང་པོ་	NOUN
འི་	གི་	PART
གཟུངས་	གཟུངས་	NOUN
།		PUNCT
རྡོ་རྗེ་	རྡོ་རྗེ་	NOUN
ཕྲ་མོ་	ཕྲ་མོ་	ADJ
ཐོག་པ་	ཐོག་པ་	NOUN
མེད་པ་	མེད་པ་	VERB
ཞེ་	ཅེས་	PART
བྱ་བ་	བྱ་བ་	VERB
འི་	གི་	PART
གཟུངས་	གཟུངས་	NOUN
།		PUNCT
འཕགས་པ་	འཕགས་པ་	VERB
སྟོབས་པོ་	སྟོབས་པོ་	NOUN
ཆེ་	ཆེ་	VERB
འི་	གི་	PART
གཟུངས་	གཟུངས་	NOUN
།		PUNCT
ལག་	ལག་	NOUN
ན་	ལ་	PART
རྡོ་རྗེ་	རྡོ་རྗེ་	NOUN
བཅུ་	བཅུ་	NUM
འི་	གི་	PART
གཟུངས་	གཟུངས་	NOUN
།		PUNCT
རྡོ་རྗེ་	རྡོ་རྗེ་	NOUN
འཇིག་	འཇིག་	VERB
བྱེད་	བྱེད་	VERB
ཀྱི་	གི་	PART
གཟུངས་	གཟུངས་	NOUN
ཀྱི་	གི་	PART
དུམ་བུ་	དུམ་བུ་	NOUN
།		PUNCT
འཕགས་པ་	འཕགས་པ་	VERB
རྡོ་རྗེ་	རྡོ་རྗེ་	NOUN
མཆུ་	མཆུ་	NOUN
།		PUNCT
གནམ་ལྕགས་	གནམ་ལྕགས་	NOUN
མཆུ་	མཆུ་	NOUN
།		PUNCT
ལྕགས་	ལྕགས་	NOUN
ཀྱི་	གི་	PART
མཆུ་	མཆུ་	NOUN
།		PUNCT
ལྕགས་	ལྕགས་	NOUN
ཀྱི་	གི་	PART
མཆུ་	མཆུ་	NOUN
ནག་པོ་	ནག་པོ་	ADJ
།		PUNCT
དྲང་སྲོང་	དྲང་སྲོང་	NOUN
གིས་	གིས་	PART
ཀླུ་	ཀླུ་	NOUN
ལ་	ལ་	PART
དམོད་	དམོད་	NO_POS
བོར་བ་	བོར་བ་	VERB
འི་	གི་	PART
གཟུངས་	གཟུངས་	NOUN
།		PUNCT
ཀླུ་	ཀླུ་	NOUN
འི་	གི་	PART
རྒྱལ་པོ་	རྒྱལ་པོ་	NOUN
སོག་མ་	སོག་མ་	NO_POS
མེད་པ་	མེད་པ་	VERB
འི་	གི་	PART
རྟོག་པ་	རྟོག་པ་	VERB
རྒྱས་པ་	རྒྱས་པ་	VERB
རྣམས་	རྣམས་	DET
སོ་	གོ་	PART
། །		PUNCT
རིག་པ་	རིག་པ་	VERB
འི་	གི་	PART
ལྷ་མོ་	ལྷ་མོ་	NOUN
རྣམས་	རྣམས་	DET
ཀྱི་	གི་	PART
གཟུངས་	གཟུངས་	NOUN
ལ་	ལ་	PART
།		PUNCT
གཙུག་ཏོར་	གཙུག་ཏོར་	PROPN
རྣམ་རྒྱལ་	རྣམ་རྒྱལ་	NOUN
།		PUNCT
གཙུག་ཏོར་	གཙུག་ཏོར་	PROPN
དྲི་མེད་	དྲི་མེད་	ADJ
།		PUNCT
གཙུག་ཏོར་	གཙུག་ཏོར་	PROPN
གདུགས་དཀར་	གདུགས་དཀར་	NO_POS
རྒྱ་	རྒྱ་	VERB
འབྲིང་	འབྲིང་	NOUN
གསུམ་	གསུམ་	NUM
།		PUNCT
སྒྲོལ་མ་	སྒྲོལ་མ་	PROPN
ལས་སྣ་ཚོགས་པ་	ལས་སྣ་ཚོགས་པ་	NO_POS
འི་	གི་	PART
རྒྱུད་	རྒྱུད་	NOUN
།		PUNCT
ཀུ་རུ་	ཀུ་རུ་	NO_POS
ཀུལླེའི་		NON_WORD
རྟོག་པ་	རྟོག་པ་	VERB
།		PUNCT
འོད་ཟེར་	འོད་ཟེར་	NOUN
ཅན་	ཅན་	PART
གྱི་	གི་	PART
རྩ་བ་	རྩ་བ་	NOUN
འི་	གི་	PART
སྔགས་	སྔགས་	NOUN
།		PUNCT
དེ་	དེ་	DET
འི་	གི་	PART
རྟོག་པ་	རྟོག་པ་	VERB
ཆེན་པོ་	ཆེན་པོ་	ADJ
།		PUNCT
འཕགས་པ་	འཕགས་པ་	VERB
རྡོ་རྗེ་	རྡོ་རྗེ་	NOUN
ལྕགས་སྒྲོག་	ལྕགས་སྒྲོག་	OTHER
སྐུལ་བྱེད་	སྐུལ་བྱེད་	OTHER
མ་	མ་	PART
འི་	གི་	PART
གཟུངས་	གཟུངས་	NOUN
།		PUNCT
གཟའ་	གཟའ་	NOUN
རྣམས་	རྣམས་	DET
ཀྱི་	གི་	PART
ཡུམ་	ཡུམ་	NOUN
།		PUNCT
གཟུངས་	གཟུངས་	NOUN
གྲྭ་	གྲྭ་	NOUN
ལྔ་	ལྔ་	NUM
།		PUNCT
འཕགས་པ་	འཕགས་པ་	VERB
བེ་ཅོན་	བེ་ཅོན་	NO_POS
ཆེན་པོ་	ཆེན་པོ་	ADJ
།		PUNCT
འཕགས་པ་	འཕགས་པ་	VERB
ཡངས་པ་	ཡངས་པ་	ADJ
ཅན་	ཅན་	PART
གྱི་	གི་	PART
གྲོང་ཁྱེར་	གྲོང་ཁྱེར་	NOUN
དུ་	ལ་	PART
འཇུག་པ་	འཇུག་པ་	VERB
།		PUNCT
རྒྱལ་མཚན་	རྒྱལ་མཚན་	NOUN
གྱི་	གི་	PART
རྩེ་མོ་	རྩེ་མོ་	NOUN
འི་	གི་	PART
དཔུང་རྒྱན་	དཔུང་རྒྱན་	PROPN
།		PUNCT
འཕགས་པ་	འཕགས་པ་	VERB
རྣམ་པ་	རྣམ་པ་	NOUN
ར་	ལ་	PART
རྒྱལ་བ་	རྒྱལ་བ་	NOUN
།		PUNCT
འཕགས་པ་	འཕགས་པ་	VERB
ཕྱིར་བཟློག་པ་	ཕྱིར་བཟློག་པ་	NO_POS
རྣམ་པ་	རྣམ་པ་	NOUN
ར་	ལ་	PART
རྒྱལ་བ་	རྒྱལ་བ་	NOUN
ཅན་	ཅན་	PART
མ་	མ་	PART
།		PUNCT
ཐམས་ཅད་	ཐམས་ཅད་	DET
ལ་	ལ་	PART
མི་	མི་	PART
འཇིགས་པ་	འཇིགས་པ་	VERB
སྦྱིན་པ་	སྦྱིན་པ་	VERB
།		PUNCT
གཞན་	གཞན་	DET
གྱིས་	གིས་	PART
མི་	མི་	PART
ཐུབ་པ་	ཐུབ་པ་	VERB
མི་	མི་	PART
འཇིགས་པ་	འཇིགས་པ་	VERB
སྦྱིན་	སྦྱིན་	VERB
མ་	མ་	PART
།		PUNCT
ཕྱིར་བཟློག་པ་	ཕྱིར་བཟློག་པ་	NO_POS
སྟོབས་	སྟོབས་	NOUN
ཅན་	ཅན་	PART
མ་	མ་	PART
།		PUNCT
བ་	བ་	NOUN
དུ་	ལ་	PART
གཅོད་པ་	གཅོད་པ་	VERB
ཐམས་ཅད་	ཐམས་ཅད་	DET
རྣམ་པ་	རྣམ་པ་	NOUN
ར་	ལ་	PART
སྦྱོང་	སྦྱོང་	VERB
མ་	མ་	PART
།		PUNCT
འཕགས་པ་	འཕགས་པ་	VERB
དུག་སེལ་	དུག་སེལ་	NO_POS
མ་	མ་	PART
།		PUNCT
མདངས་	མདངས་	NOUN
ཕྱི་	ཕྱི་	OTHER
འཕྲོག་པ་	འཕྲོག་པ་	VERB
འི་	གི་	PART
གཟུངས་	གཟུངས་	NOUN
།		PUNCT
རིན་པོ་ཆེ་	རིན་པོ་ཆེ་	ADJ
ཕྲེང་བ་	ཕྲེང་བ་	NOUN
འི་	གི་	PART
དུམ་བུ་	དུམ་བུ་	NOUN
།		PUNCT
འཕགས་པ་	འཕགས་པ་	VERB
རྒྱལ་བ་	རྒྱལ་བ་	NOUN
ཅན་	ཅན་	PART
།		PUNCT
པ་	པ་	OTHER
ར་	ལ་	PART
ཎ་		NON_WORD
ཤ་བ་རི་	ཤ་བ་རི་	PROPN
འི་	གི་	PART
གཟུངས་	གཟུངས་	NOUN
།		PUNCT
མེ་	མེ་	NOUN
ལྟ་	ལྟ་	OTHER
འབར་བ་	འབར་བ་	VERB
འི་	གི་	PART
གཟུངས་	གཟུངས་	NOUN
།		PUNCT
རིག་	རིག་	VERB
སྔགས་	སྔགས་	NOUN
ཀྱི་	གི་	PART
རྒྱལ་མོ་	རྒྱལ་མོ་	OTHER
སྒྲོན་མ་	སྒྲོན་མ་	NOUN
མཆོག་	མཆོག་	ADJ
དབྱིབས་	དབྱིབས་	NOUN
ལྡན་	ལྡན་	VERB
མ་	མ་	PART
འི་	གི་	PART
གཟུངས་	གཟུངས་	NOUN
།		PUNCT
ཡི་གེ་	ཡི་གེ་	NOUN
དྲུག་པ་	དྲུག་པ་	NUM
འི་	གི་	PART
གཟུངས་	གཟུངས་	NOUN
།		PUNCT
འགྲོ་	འགྲོ་	VERB
ལྡིང་བ་	ལྡིང་བ་	VERB
འི་	གི་	PART
རིག་	རིག་	VERB
སྔགས་	སྔགས་	NOUN
ཀྱི་	གི་	PART
རྒྱལ་མོ་	རྒྱལ་མོ་	OTHER
།		PUNCT
དཔལ་	དཔལ་	OTHER
ཆེན་	ཆེན་	NO_POS
མོ་	མོ་	PRON
འི་	གི་	PART
གཟུངས་	གཟུངས་	NOUN
།		PUNCT
ནད་	ནད་	NOUN
ཐམས་ཅད་	ཐམས་ཅད་	DET
རབ་ཏུ་	རབ་ཏུ་	NO_POS
ཞི་བ་	ཞི་བ་	VERB
ར་	ལ་	PART
བྱེད་པ་	བྱེད་པ་	VERB
འི་	གི་	PART
གཟུངས་	གཟུངས་	NOUN
།		PUNCT
རིམས་ནད་	རིམས་ནད་	NOUN
ཐམས་ཅད་	ཐམས་ཅད་	DET
རབ་ཏུ་	རབ་ཏུ་	NO_POS
ཞི་བ་	ཞི་བ་	VERB
ར་	ལ་	PART
བྱེད་པ་	བྱེད་པ་	VERB
འི་	གི་	PART
གཟུངས་	གཟུངས་	NOUN
།		PUNCT
མིག་ནད་	མིག་ནད་	OTHER
ཐམས་ཅད་	ཐམས་ཅད་	DET
རབ་ཏུ་	རབ་ཏུ་	NO_POS
ཞི་བ་	ཞི་བ་	VERB
ར་	ལ་	PART
བྱེད་པ་	བྱེད་པ་	VERB
འི་	གི་	PART
གཟུངས་	གཟུངས་	NOUN
།		PUNCT
མིག་ནད་	མིག་ནད་	OTHER
རྣམ་པ་	རྣམ་པ་	NOUN
ར་	ལ་	PART
སྦྱོང་བ་	སྦྱོང་བ་	VERB
འི་	གི་	PART
གཟུངས་	གཟུངས་	NOUN
།		PUNCT
གཞང་འབྲུམ་	གཞང་འབྲུམ་	NO_POS
རབ་ཏུ་	རབ་ཏུ་	NO_POS
ཞི་བ་	ཞི་བ་	VERB
ར་	ལ་	PART
བྱེད་པ་	བྱེད་པ་	VERB
འི་	གི་	PART
གཟུངས་	གཟུངས་	NOUN
།		PUNCT
རིགས་	རིགས་	NOUN
སྔགས་	སྔགས་	NOUN
ཀྱི་	གི་	PART
རྒྱལ་མོ་	རྒྱལ་མོ་	OTHER
དབུགས་	དབུགས་	NOUN
ཆེན་	ཆེན་	NO_POS
མོ་	གོ་	PART
།		PUNCT
མི་རྒོད་	མི་རྒོད་	NOUN
རྣམ་པ་	རྣམ་པ་	NOUN
ར་	ལ་	PART
འཇོམས་པ་	འཇོམས་པ་	VERB
འི་	གི་	PART
གཟུངས་	གཟུངས་	NOUN
།		PUNCT
ལྷ་མོ་	ལྷ་མོ་	NOUN
དབྱངས་ཅན་	དབྱངས་ཅན་	PROPN
མ་	མ་	PART
འི་	གི་	PART
བསྟོད་པ་	བསྟོད་པ་	VERB
།		PUNCT
སངས་རྒྱས་	སངས་རྒྱས་	NOUN
ཐམས་ཅད་	ཐམས་ཅད་	DET
ཀྱི་	གི་	PART
ཡུམ་	ཡུམ་	NOUN
།		PUNCT
གཙུག་	གཙུག་	NOUN
གི་	གི་	PART
ནོར་བུ་	ནོར་བུ་	NOUN
འི་	གི་	PART
གཟུངས་	གཟུངས་	NOUN
།		PUNCT
ཙནྡན་	ཙནྡན་	NOUN
གྱི་	གི་	PART
ཡན་ལག་	ཡན་ལག་	NOUN
དྲི་མ་	དྲི་མ་	NOUN
མེད་པ་	མེད་པ་	VERB
།		PUNCT
སྟོང་	སྟོང་	NUM
འཁྱིལ་བ་	འཁྱིལ་བ་	NO_POS
།		PUNCT
ལྷ་མོ་	ལྷ་མོ་	NOUN
བརྒྱད་	བརྒྱད་	NUM
ཀྱི་	གི་	PART
གཟུངས་	གཟུངས་	NOUN
།		PUNCT
དེ་བཞིན་	དེ་བཞིན་	OTHER
གཤེགས་པ་	གཤེགས་པ་	VERB
འི་	གི་	PART
ཡུམ་	ཡུམ་	NOUN
གྱི་	གི་	PART
གཟུངས་	གཟུངས་	NOUN
རྣམས་	རྣམས་	DET
སོ་	གོ་	PART
། །		PUNCT
ཐུན་མོང་	ཐུན་མོང་	ADJ
གི་	གི་	PART
རྒྱུད་	རྒྱུད་	NOUN
ལ་	ལ་	PART
།		PUNCT
དམ་ཚིག་	དམ་ཚིག་	NOUN
གསུམ་	གསུམ་	NUM
བཀོད་པ་	བཀོད་པ་	VERB
འི་	གི་	PART
རྒྱལ་པོ་	རྒྱལ་པོ་	NOUN
།		PUNCT
གསང་བ་	གསང་བ་	VERB
སྤྱི་	སྤྱི་	DET
རྒྱུད་	རྒྱུད་	NOUN
།		PUNCT
ལེགས་པ་	ལེགས་པ་	VERB
ར་	ལ་	PART
གྲུབ་པ་	གྲུབ་པ་	VERB
།		PUNCT
བསམ་གཏན་	བསམ་གཏན་	NOUN
ཕྱི་མ་	ཕྱི་མ་	ADJ
།		PUNCT
གསེར་འོད་	གསེར་འོད་	PROPN
དམ་པ་	དམ་པ་	VERB
།		PUNCT
འོག་མིན་	འོག་མིན་	PROPN
གྱི་	གི་	PART
ཚེ་	ཚེ་	NOUN
དཔག་མེད་	དཔག་མེད་	ADJ
།		PUNCT
བདེ་བ་	བདེ་བ་	VERB
ཅན་	ཅན་	PART
གྱི་	གི་	PART
ཚེ་	ཚེ་	NOUN
དཔག་མེད་	དཔག་མེད་	ADJ
།		PUNCT
ཆོ་	ཆོ་	NOUN
ཀྱི་	གི་	PART
རྒྱ་མཚོ་	རྒྱ་མཚོ་	NOUN
།		PUNCT
དཀྱིལ་འཁོར་	དཀྱིལ་འཁོར་	NOUN
བརྒྱད་པ་	བརྒྱད་པ་	NUM
།		PUNCT
ནོར་བུ་	ནོར་བུ་	NOUN
རྒྱས་པ་	རྒྱས་པ་	VERB
འི་	གི་	PART
གཞས་	གཞས་	NO_POS
མེད་	མེད་	VERB
ཁང་	ཁང་	NOUN
།		PUNCT
འཇིགས་པ་	འཇིགས་པ་	VERB
བརྒྱད་	བརྒྱད་	NUM
ལ་	ལ་	ADP
ས་	གིས་	PART
སྒྲོལ་བ་	སྒྲོལ་བ་	VERB
།		PUNCT
གཟུངས་	གཟུངས་	NOUN
ཆེན་	ཆེན་	NO_POS
མོ་	གོ་	PART
།		PUNCT
གསང་བ་	གསང་བ་	VERB
རིང་བསྲེལ་	རིང་བསྲེལ་	NOUN
གྱི་	གི་	PART
ཟ་མ་ཏོག་	ཟ་མ་ཏོག་	NOUN
སྒོ་	སྒོ་	NOUN
མཐའ་ཡས་པ་	མཐའ་ཡས་པ་	ADJ
འི་	གི་	PART
གཟུངས་	གཟུངས་	NOUN
།		PUNCT
མཚན་མ་	མཚན་མ་	NOUN
བཟང་པོ་	བཟང་པོ་	ADJ
།		PUNCT
འཕགས་པ་	འཕགས་པ་	VERB
དཀོན་མཆོག་	དཀོན་མཆོག་	NOUN
ཏ་ལ་	ཏ་ལ་	OTHER
ལ་	ལ་	PART
།		PUNCT
ཡེ་ཤེས་	ཡེ་ཤེས་	NOUN
ཏ་ལ་	ཏ་ལ་	OTHER
ལ་	ལ་	PART
།		PUNCT
ཡེ་ཤེས་	ཡེ་ཤེས་	NOUN
སྐར་མདའ་	སྐར་མདའ་	NOUN
།		PUNCT
མེ་ཏོག་	མེ་ཏོག་	NOUN
བརྩེགས་པ་	བརྩེགས་པ་	VERB
།		PUNCT
རིགས་	རིགས་	NOUN
སྔགས་	སྔགས་	NOUN
ཀྱི་	གི་	PART
རྒྱལ་མོ་	རྒྱལ་མོ་	OTHER
ཀུན་	ཀུན་	DET
ན་	ནས་	PART
འོད་	འོད་	NOUN
།		PUNCT
ཀུན་	ཀུན་	DET
ཏུ་	ལ་	PART
བཟང་པོ་	བཟང་པོ་	ADJ
འི་	གི་	PART
གཟུངས་	གཟུངས་	NOUN
།		PUNCT
གསེར་ཅན་	གསེར་ཅན་	PROPN
གྱི་	གི་	PART
གཟུངས་	གཟུངས་	NOUN
།		PUNCT
འདུས་པ་	འདུས་པ་	VERB
ཆེན་པོ་	ཆེན་པོ་	ADJ
འི་	གི་	PART
གཟུངས་	གཟུངས་	NOUN
།		PUNCT
ཀུན་	ཀུན་	DET
ཏུ་	ལ་	PART
རྒྱུ་བ་	རྒྱུ་བ་	VERB
དང་	དང་	NO_POS
མཐུན་པ་	མཐུན་པ་	VERB
དང་	དང་	NO_POS
མི་མཐུན་པ་	མི་མཐུན་པ་	NO_POS
།		PUNCT
སངས་རྒྱས་	སངས་རྒྱས་	NOUN
བདུན་པ་	བདུན་པ་	NUM
།		PUNCT
བུ་	བུ་	NOUN
མང་པོ་	མང་པོ་	ADJ
ར་	ལ་	PART
སྟོན་པ་	སྟོན་པ་	NOUN
།		PUNCT
སངས་རྒྱས་	སངས་རྒྱས་	NOUN
ཀྱི་	གི་	PART
སྙིང་པོ་	སྙིང་པོ་	NOUN
འི་	གི་	PART
ཆོ་	ཆོ་	NOUN
ཀྱི་	གི་	PART
རྣམ་	རྣམ་	NOUN
གྲངས་	གྲངས་	NOUN
།		PUNCT
སངས་རྒྱས་	སངས་རྒྱས་	NOUN
ཀྱི་	གི་	PART
སྙིང་པོ་	སྙིང་པོ་	NOUN
འི་	གི་	PART
གཟུངས་	གཟུངས་	NOUN
།		PUNCT
སངས་རྒྱས་	སངས་རྒྱས་	NOUN
ཀྱི་	གི་	PART
ཡན་ལག་	ཡན་ལག་	NOUN
དང་	དང་	NO_POS
ལྡན་པ་	ལྡན་པ་	VERB
།		PUNCT
སོར་མོ་	སོར་མོ་	NOUN
ཅན་	ཅན་	PART
།		PUNCT
ལུས་	ལུས་	NOUN
ཀྱི་	གི་	PART
དབྱིབས་	དབྱིབས་	NOUN
མཛེས་པ་	མཛེས་པ་	VERB
།		PUNCT
བདེ་བ་	བདེ་བ་	VERB
བསྒྲགས་པ་	བསྒྲགས་པ་	VERB
།		PUNCT
མཆོད་པ་	མཆོད་པ་	VERB
འི་	གི་	PART
སྤྲིན་	སྤྲིན་	NOUN
གྱི་	གི་	PART
གཟུངས་	གཟུངས་	NOUN
།		PUNCT
སྟོང་	སྟོང་	NUM
འགྱུར་	འགྱུར་	VERB
།		PUNCT
ཀཾ་		NON_WORD
ཀ་	ཀ་	DET
ནིའི་		NON_WORD
གཟུངས་	གཟུངས་	NOUN
།		PUNCT
ཆོ་	ཆོ་	NOUN
ཐམས་ཅད་	ཐམས་ཅད་	DET
ཀྱི་	གི་	PART
ཡོན་ཏན་	ཡོན་ཏན་	NOUN
བཀོད་པ་	བཀོད་པ་	VERB
འི་	གི་	PART
རྒྱལ་པོ་	རྒྱལ་པོ་	NOUN
།		PUNCT
སྒོ་	སྒོ་	NOUN
དྲུག་པ་	དྲུག་པ་	NUM
འི་	གི་	PART
གཟུངས་	གཟུངས་	NOUN
།		PUNCT
རྟེན་	རྟེན་	NOUN
ཅིང་	ཅིང་	PART
འབྲེལ་པ་	འབྲེལ་པ་	VERB
ར་	ལ་	PART
འབྱུང་བ་	འབྱུང་བ་	VERB
འི་	གི་	PART
སྙིང་པོ་	སྙིང་པོ་	NOUN
འི་	གི་	PART
གཟུངས་	གཟུངས་	NOUN
།		PUNCT
བདུད་རྩི་	བདུད་རྩི་	NOUN
སྨན་	སྨན་	NOUN
གྱི་	གི་	PART
གཟུངས་	གཟུངས་	NOUN
།		PUNCT
ཀླུ་	ཀླུ་	NOUN
འི་	གི་	PART
རྒྱལ་པོ་	རྒྱལ་པོ་	NOUN
གཟི་	གཟི་	OTHER
ཅན་	ཅན་	PART
གྱིས་	གིས་	PART
ཞུས་པ་	ཞུས་པ་	VERB
འི་	གི་	PART
གཟུངས་	གཟུངས་	NOUN
།		PUNCT
སྤྲིན་ཆེན་པོ་	སྤྲིན་ཆེན་པོ་	OTHER
ལ་	ལ་	ADP
ས་	གིས་	PART
ཆ་	ཆ་	NOUN
ར་	ལ་	PART
དབབ་པ་	དབབ་པ་	VERB
རླུང་	རླུང་	NOUN
གི་	གི་	PART
དཀྱིལ་འཁོར་	དཀྱིལ་འཁོར་	NOUN
ཞེ་	ཅེས་	PART
བྱ་བ་	བྱ་བ་	VERB
འི་	གི་	PART
གཟུངས་	གཟུངས་	NOUN
།		PUNCT
སྤྲིན་ཆེན་པོ་	སྤྲིན་ཆེན་པོ་	OTHER
ལ་	ལ་	ADP
ས་	གིས་	PART
ཆ་	ཆ་	NOUN
ར་	ལ་	PART
དབབ་པ་	དབབ་པ་	VERB
རླུང་	རླུང་	NOUN
གི་	གི་	PART
དཀྱིལ་འཁོར་	དཀྱིལ་འཁོར་	NOUN
ཞེ་	ཅེས་	PART
བྱ་བ་	བྱ་བ་	VERB
འི་	གི་	PART
ལེའུ་	ལེའུ་	NOUN
ཀླུ་	ཀླུ་	NOUN
ཐམས་ཅད་	ཐམས་ཅད་	DET
ཀྱི་	གི་	PART
སྙིང་པོ་	སྙིང་པོ་	NOUN
།		PUNCT
འདུས་པ་	འདུས་པ་	VERB
ཆེན་པོ་	ཆེན་པོ་	ADJ
རིན་པོ་ཆེ་	རིན་པོ་ཆེ་	ADJ
ཏོག་	ཏོག་	NOUN
འདུས་པ་	འདུས་པ་	VERB
ཆེན་པོ་	ཆེན་པོ་	ADJ
ཉི་མ་	ཉི་མ་	NOUN
འི་	གི་	PART
སྙིང་པོ་	སྙིང་པོ་	NOUN
།		PUNCT
སངས་རྒྱས་	སངས་རྒྱས་	NOUN
བཅོམ་ལྡན་འདས་	བཅོམ་ལྡན་འདས་	NOUN
ཀྱི་	གི་	PART
མཚན་	མཚན་	NOUN
བརྒྱ་རྩ་	བརྒྱ་རྩ་	OTHER
བརྒྱད་པ་	བརྒྱད་པ་	NUM
།		PUNCT
ཉེ་བ་	ཉེ་བ་	VERB
འི་	གི་	PART
སྲ་	སྲ་	NOUN
བརྒྱད་	བརྒྱད་	NUM
ཀྱི་	གི་	PART
མཚན་	མཚན་	NOUN
བརྒྱ་རྩ་	བརྒྱ་རྩ་	OTHER
བརྒྱད་པ་	བརྒྱད་པ་	NUM
གཟུངས་སྔགས་	གཟུངས་སྔགས་	OTHER
དང་	དང་	NO_POS
བཅས་པ་	བཅས་པ་	VERB
རྣམས་	རྣམས་	DET
སོ་	གོ་	PART
།། ༈ །།		PUNCT
སྔ་	སྔ་	ADV
འགྱུར་	འགྱུར་	VERB
གྱི་	གི་	PART
རྒྱུད་	རྒྱུད་	NOUN
ལ་	ལ་	PART
རྡོ་རྗེ་	རྡོ་རྗེ་	NOUN
ཕུར་པ་	ཕུར་པ་	NOUN
རྩ་བ་	རྩ་བ་	NOUN
འི་	གི་	PART
དུམ་བུ་	དུམ་བུ་	NOUN
།		PUNCT
གསང་བ་	གསང་བ་	VERB
སྙིང་པོ་	སྙིང་པོ་	NOUN
སྒྱུ་འཕྲུལ་	སྒྱུ་འཕྲུལ་	PROPN
བླ་མ་	བླ་མ་	NOUN
།		PUNCT
ལྷ་མོ་	ལྷ་མོ་	NOUN
སྒྱུ་འཕྲུལ་	སྒྱུ་འཕྲུལ་	PROPN
རྩ་	རྩ་	NUM
ཐབས་	ཐབས་	NOUN
ཀྱི་	གི་	PART
ཞགས་པ་	ཞགས་པ་	NOUN
།		PUNCT
སྒྱུ་འཕྲུལ་	སྒྱུ་འཕྲུལ་	PROPN
བརྒྱད་ཅུ་པ་	བརྒྱད་ཅུ་པ་	NO_POS
རྣམས་	རྣམས་	DET
སོ་	གོ་	PART
། །		PUNCT
འཇིག་རྟེན་པ་	འཇིག་རྟེན་པ་	NOUN
འི་	གི་	PART
རྒྱུད་	རྒྱུད་	NOUN
ལ་	ལ་	PART
།		PUNCT
ཚོགས་	ཚོགས་	NOUN
ཀྱི་	གི་	PART
བདག་པོ་	བདག་པོ་	NOUN
འི་	གི་	PART
གཟུངས་	གཟུངས་	NOUN
།		PUNCT
ནོར་བུ་	ནོར་བུ་	NOUN
བཟང་པོ་	བཟང་པོ་	ADJ
འི་	གི་	PART
གཟུངས་	གཟུངས་	NOUN
།		PUNCT
ནོར་	ནོར་	NOUN
རྒྱུན་	རྒྱུན་	NOUN
མ་	མ་	PART
འི་	གི་	PART
གཟུངས་	གཟུངས་	NOUN
།		PUNCT
གར་མཁན་	གར་མཁན་	NOUN
མཆོག་	མཆོག་	ADJ
གི་	གི་	PART
རྟོག་པ་	རྟོག་པ་	VERB
ཆེན་པོ་	ཆེན་པོ་	ADJ
རྣམས་	རྣམས་	DET
སོ་	གོ་	PART
། །		PUNCT
དེ་ལྟ་	དེ་ལྟ་	NO_POS
ཤིན་ཏུ་	ཤིན་ཏུ་	NO_POS
ཟབ་པ་	ཟབ་པ་	VERB
འི་	གི་	PART
དོན་	དོན་	NOUN
སྟོན་པ་	སྟོན་པ་	NOUN
། །		PUNCT
རྡོ་རྗེ་	རྡོ་རྗེ་	NOUN
ཐེག་པ་	ཐེག་པ་	NOUN
འི་	གི་	PART
རྒྱུད་སྡེ་	རྒྱུད་སྡེ་	NOUN
དམ་པ་	དམ་པ་	VERB
རྣམས་	རྣམས་	DET
། །		PUNCT
དྲི་མེད་	དྲི་མེད་	ADJ
རིན་ཆེན་	རིན་ཆེན་	OTHER
གསེར་	གསེར་	NOUN
གྱི་	གི་	PART
རང་བཞིན་	རང་བཞིན་	NOUN
གྱིས་	གིས་	PART
། །		PUNCT
བྲི་བ་	བྲི་བ་	VERB
ར་	ལ་	PART
འདོད་པ་	འདོད་པ་	VERB
འི་	གི་	PART
ལྷག་བསམ་	ལྷག་བསམ་	NOUN
དང་	དང་	NO_POS
ལྡན་པ་	ལྡན་པ་	VERB
། །		PUNCT
འབྲི་	འབྲི་	VERB
ཀླུ་	ཀླུ་	NOUN
དམ་པ་	དམ་པ་	VERB
ཆོ་	ཆོ་	NOUN
ཕྱུག་	ཕྱུག་	VERB
འདན་	འདན་	NO_POS
སྟོང་	སྟོང་	NUM
དུ་	ལ་	PART
། །		PUNCT
སྨོན་ལམ་	སྨོན་ལམ་	NOUN
དག་པ་	དག་པ་	VERB
ས་	གིས་	PART
ཉེ་བ་		
སྐྱེ་	སྐྱེ་	VERB
གྱུར་པ་	གྱུར་པ་	VERB
། །		PUNCT
སྟོན་	སྟོན་	VERB
སེང་	སེང་	NOUN
ཞེ་	ཅེས་	PART
བྱ་	བྱ་	VERB
རྗེ་བཙུན་	རྗེ་བཙུན་	NOUN
རིན་ཆེན་	རིན་ཆེན་	OTHER
ལ་	ལ་	PART
"།

།"		PUNCT
དྲི་མེད་	དྲི་མེད་	ADJ
རྒྱུད་	རྒྱུད་	NOUN
ཀྱི་	གི་	PART
མཚན་	མཚན་	NOUN
འཕྲེང་	འཕྲེང་	NO_POS
ཞུ་	ཞུ་	VERB
མོ་	མོ་	VERB
ཀྱང་	ཀྱང་	PART
། །		PUNCT
སྦྱོར་བ་	སྦྱོར་བ་	VERB
ཙམ་	ཙམ་	DET
བཞིན་	བཞིན་	NOUN
རྐྱེན་	རྐྱེན་	NOUN
གྱིས་	གིས་	PART
མ་གྲུབ་པ་	མ་གྲུབ་པ་	NO_POS
། །		PUNCT
དེ་	སྟེ་	PART
ཡི་	གི་	PART
དབོན་པོ་	དབོན་པོ་	NOUN
བློ་གྲོས་	བློ་གྲོས་	NOUN
དང་	དང་	NO_POS
ལྡན་པ་	ལྡན་པ་	VERB
། །		PUNCT
དབང་ཕྱུག་	དབང་ཕྱུག་	NOUN
རྒྱལ་པོ་	རྒྱལ་པོ་	NOUN
ཞེ་	ཅེས་	PART
བྱ་	བྱ་	VERB
རབ་	རབ་	ADV
འབད་	འབད་	VERB
ན་	ནས་	PART
། །		PUNCT
དཔལ་ལྡན་	དཔལ་ལྡན་	ADJ
ཆོས་རྗེ་	ཆོས་རྗེ་	NOUN
ས་སྐྱ་	ས་སྐྱ་	PROPN
པཎྜི་ཏ་	པཎྜི་ཏ་	NOUN
འི་	གི་	PART
། །		PUNCT
ཞབས་པད་	ཞབས་པད་	NOUN
དྲི་མེད་	དྲི་མེད་	ADJ
ཡུན་རིང་	ཡུན་རིང་	NOUN
བསྟེན་	བསྟེན་	VERB
བྱ་	བྱ་	VERB
ན་	ནས་	PART
། །		PUNCT
གསུང་རབ་	གསུང་རབ་	NOUN
བདུད་རྩི་	བདུད་རྩི་	NOUN
ས་	གིས་	PART
བློ་གྲོས་	བློ་གྲོས་	NOUN
ཚིམ་པ་	ཚིམ་པ་	VERB
ར་	ལ་	PART
བྱ་	བྱ་	VERB
། །		PUNCT
དེ་	སྟེ་	PART
ཡི་	གི་	PART
ཚ་བོ་	ཚ་བོ་	NOUN
བཀྲ་ཤིས་	བཀྲ་ཤིས་	NOUN
ཚུལ་ཁྲིམས་	ཚུལ་ཁྲིམས་	NOUN
དཔལ་	དཔལ་	OTHER
། །		PUNCT
བཟང་པོ་	བཟང་པོ་	ADJ
ཞེ་	ཅེས་	PART
བྱ་	བྱ་	VERB
མིང་	མིང་	NOUN
གཞན་	གཞན་	DET
དབོན་	དབོན་	NO_POS
ནག་	ནག་	VERB
ཏུ་	ལ་	PART
། །		PUNCT
གྲགས་པ་	གྲགས་པ་	VERB
དེ་	དེ་	DET
ས་	གིས་	PART
ཀྱང་	ཀྱང་	PART
དཔལ་ལྡན་	དཔལ་ལྡན་	ADJ
ས་སྐྱ་པ་	ས་སྐྱ་པ་	PROPN
། །		PUNCT
འཕགས་པ་	འཕགས་པ་	VERB
ཞེ་	ཅེས་	PART
བྱ་	བྱ་	VERB
ར་	ལ་	PART
ཡོངས་སུ་	ཡོངས་སུ་	NO_POS
གྲག་	གྲག་	VERB
གྱུར་པ་	གྱུར་པ་	VERB
འི་	གི་	PART
། །		PUNCT
ཞབས་པད་	ཞབས་པད་	NOUN
བཏུགས་		NON_WORD
ན་	ནས་	PART
ཆོ་	ཆོ་	NOUN
ཀྱི་	གི་	PART
བདུད་རྩི་	བདུད་རྩི་	NOUN
མནོས་	མནོས་	NO_POS
། །		PUNCT
དེ་	སྟེ་	PART
ཡི་	གིས་	PART
བླ་མ་	བླ་མ་	NOUN
འི་	གི་	PART
བཀའ་དྲིན་	བཀའ་དྲིན་	NOUN
དྲན་	དྲན་	VERB
ཕྱི་	ཕྱི་	OTHER
དང་	དང་	NO_POS
། །		PUNCT
རྒྱལ་པོ་	རྒྱལ་པོ་	NOUN
ཡབ་	ཡབ་	NOUN
སྲ་	སྲ་	NOUN
སྐུ་ཚེ་རིང་	སྐུ་ཚེ་རིང་	NO_POS
ཕྱི་	ཕྱི་	OTHER
དང་	དང་	NO_POS
། །		PUNCT
ཁུ་	ཁུ་	PROPN
མེ་	མེ་	NOUN
ས་	གིས་	PART
དག་	དག་	DET
གི་	གི་	PART
དགོངས་པ་	དགོངས་པ་	VERB
རྫོགས་	རྫོགས་	VERB
ཕྱི་	ཕྱི་	OTHER
དང་	དང་	NO_POS
། །		PUNCT
རྒྱལ་ཁམས་	རྒྱལ་ཁམས་	NOUN
ཆོས་བཞིན་	ཆོས་བཞིན་	NO_POS
བདེ་ལེགས་	བདེ་ལེགས་	NOUN
བྱ་	བྱ་	VERB
ཕྱི་	ཕྱི་	OTHER
དང་	དང་	NO_POS
། །		PUNCT
རང་	རང་	PRON
གིས་	གིས་	PART
བླ་མེད་	བླ་མེད་	ADJ
བྱང་ཆུབ་	བྱང་ཆུབ་	NOUN
ཐོབ་	ཐོབ་	VERB
བྱ་	བྱ་	VERB
འི་	གི་	PART
ཕྱི་	ཕྱི་	OTHER
། །		PUNCT
ཧོར་	ཧོར་	PROPN
གྱི་	གི་	PART
རྒྱལ་རབས་	རྒྱལ་རབས་	NOUN
ལྔ་པ་	ལྔ་པ་	NUM
འི་	གི་	PART
རྒྱལ་པོ་	རྒྱལ་པོ་	NOUN
མཆོག་	མཆོག་	ADJ
།		PUNCT
གོ་	གོ་	PART
གཱན་		NON_WORD
རྒྱལ་པོ་	རྒྱལ་པོ་	NOUN
ཞེ་	ཅེས་	PART
བྱ་	བྱ་	VERB
འི་	གི་	PART
སྐུ་རིང་	སྐུ་རིང་	ADV
ལ་	ལ་	PART
། །		PUNCT
ཆུ་མོ་	ཆུ་མོ་	OTHER
བྱ་	བྱ་	VERB
ཡི་	གི་	PART
དབྱར་	དབྱར་	ADV
གྱི་	གི་	PART
དུས་	དུས་	NOUN
ཀྱི་	གི་	PART
ཚེ་	ཚེ་	NOUN
། །		PUNCT
བཻ་	བཻ་	NO_POS
ཌཱུརྻའི་		NON_WORD
ཞིང་ཁམས་	ཞིང་ཁམས་	NOUN
དག་པ་	དག་པ་	VERB
ལ་	ལ་	PART
། །		PUNCT
གསེར་	གསེར་	NOUN
བཟང་	བཟང་	VERB
འབར་བ་	འབར་བ་	VERB
ས་	གིས་	PART
ཚུལ་བཞིན་	ཚུལ་བཞིན་	NOUN
བཞེངས་པ་	བཞེངས་པ་	VERB
དང་	དང་	NO_POS
། །		PUNCT
བཀླགས་	བཀླགས་	NO_POS
དང་	དང་	NO_POS
མཆོད་	མཆོད་	VERB
ལ་སོགས་པ་	ལ་སོགས་པ་	NO_POS
འི་	གི་	PART
དགེ་བ་	དགེ་བ་	VERB
ཡི་	གིས་	PART
། །		PUNCT
བདག་	བདག་	PRON
དང་	དང་	NO_POS
མཁའ་མཉམ་	མཁའ་མཉམ་	OTHER
སེམས་ཅན་	སེམས་ཅན་	NOUN
མ་ལུས་པ་	མ་ལུས་པ་	OTHER
། །		PUNCT
རྡོ་རྗེ་	རྡོ་རྗེ་	NOUN
འཆང་	འཆང་	NO_POS
དབང་	དབང་	NOUN
གོ་འཕང་	གོ་འཕང་	NOUN
ཐོབ་པ་	ཐོབ་པ་	VERB
ར་	ལ་	PART
ཤོག་	ཤོག་	VERB
།		PUNCT
ཚེ་རབས་	ཚེ་རབས་	NOUN
ཀུན་	ཀུན་	DET
ཏུ་	ལ་	PART
གསུང་རབ་	གསུང་རབ་	NOUN
འདི་དག་	འདི་དག་	NO_POS
དང་	དང་	NO_POS
། །		PUNCT
གཞན་	གཞན་	DET
ཡང་	ཀྱང་	PART
ཆོ་	ཆོ་	NOUN
ཚུལ་	ཚུལ་	NOUN
རྒྱ་མཚོ་	རྒྱ་མཚོ་	NOUN
ཐམས་ཅད་	ཐམས་ཅད་	DET
ལ་	ལ་	PART
། །		PUNCT
ཉེ་བ་		
ཞུགས་ཤིང་	ཞུགས་ཤིང་	NO_POS
རྟོགས་པ་	རྟོགས་པ་	VERB
མངོན་གྱུར་	མངོན་གྱུར་	ADJ
ཏེ་	སྟེ་	PART
། །		PUNCT
བདག་གཞན་	བདག་གཞན་	NOUN
ལ་	ལ་	PART
ཡང་	ཀྱང་	PART
རྒྱ་	རྒྱ་	NOUN
ཆེ་	ཆེ་	VERB
ར་	ལ་	PART
སྟོན་པ་	སྟོན་པ་	NOUN
ར་	ལ་	PART
ཤོག་	ཤོག་	VERB
།		PUNCT
གནས་སྐབས་	གནས་སྐབས་	NOUN
ཆོ་	ཆོ་	NOUN
ཀྱི་	གི་	PART
རྒྱལ་པོ་	རྒྱལ་པོ་	NOUN
ཡོན་མཆོད་	ཡོན་མཆོད་	NO_POS
དང་	དང་	NO_POS
། །		PUNCT
བདག་ཅག་	བདག་ཅག་	PRON
དཔོན་སློབ་	དཔོན་སློབ་	NOUN
འཁོར་	འཁོར་	NOUN
དང་	དང་	NO_POS
བཅས་པ་	བཅས་པ་	VERB
ཀུན་	ཀུན་	DET
། །		PUNCT
ཚེ་རིང་	ཚེ་རིང་	NOUN
ནད་མེད་	ནད་མེད་	ADJ
ཕུན་སུམ་	ཕུན་སུམ་	OTHER
ཚོགས་པ་	ཚོགས་པ་	VERB
དང་	དང་	NO_POS
། །		PUNCT
བློ་	བློ་	NOUN
ཀུན་	ཀུན་	DET
ཆོ་	ཆོ་	NOUN
དང་	དང་	NO_POS
མཐུན་	མཐུན་	VERB
ཞིང་	ཅིང་	PART
བདེ་ལེགས་	བདེ་ལེགས་	NOUN
ཤོག་	ཤོག་	VERB
། །།		PUNCT
		
བཀྲ་ཤིས་	བཀྲ་ཤིས་	NOUN
ཚུལ་ཁྲིམས་	ཚུལ་ཁྲིམས་	NOUN
དཔལ་	དཔལ་	OTHER
བཟང་	བཟང་	VERB
།		PUNCT
རྒྱུད་	རྒྱུད་	NOUN
འབུམ་	འབུམ་	NUM
གྱི་	གི་	PART
དཀར་ཆག་	དཀར་ཆག་	NOUN
		
